"NAME","HEX","RED","GREEN","BLUE"
"absolute zero","0048BA","0","72","186"
"acid green","B0BF1A","176","191","26"
"aero blue","C9FFE5","201","255","229"
"air force blue 1","7CB9E8","124","185","232"
"air force blue 2","5D8AA8","93","138","168"
"air superiority blue","72A0C1","114","160","193"
"alabaster","EDEAE0","237","234","224"
"alice blue","F0F8FF","240","248","255"
"alien armpit","C5E17A","197","225","122"
"alizarin crimson","E32636","227","38","54"
"alloy orange","C46210","196","98","16"
"almond","EFDECD","239","222","205"
"amaranth","E52B50","229","43","80"
"amazon","3B7A57","59","122","87"
"amber","FFBF00","255","191","0"
"american rose","FF033E","255","3","62"
"amethyst","9966CC","153","102","204"
"android green","A4C639","164","198","57"
"anti-flash white","F2F3F4","242","243","244"
"antique brass","CD9575","205","149","117"
"antique bronze","665D1E","102","93","30"
"antique fuchsia","915C83","145","92","131"
"antique ruby","841B2D","132","27","45"
"antique white","FAEBD7","250","235","215"
"ao","008000","0","128","0"
"apple green","8DB600","141","182","0"
"apricot","FBCEB1","251","206","177"
"aqua","00FFFF","0","255","255"
"aquamarine","7FFFD4","127","255","212"
"arctic lime","D0FF14","208","255","20"
"army green","4B5320","75","83","32"
"artichoke","8F9779","143","151","121"
"arylide yellow","E9D66B","233","214","107"
"ash gray 1","B2BEB5","178","190","181"
"ash grey 2","B2BEB5","178","190","181"
"asparagus","87A96B","135","169","107"
"atomic tangerine","FF9966","255","153","102"
"auburn","A52A2A","165","42","42"
"aureolin","FDEE00","253","238","0"
"aurometalsaurus 1","6E7F80","110","127","128"
"aurometalsaurus 2","6E7F80","110","127","127"
"avocado","568203","86","130","3"
"awesome","FF2052","255","32","82"
"azure","007FFF","0","127","255"
"azure (x11-web color)","F0FFFF","240","255","255"
"azure mist-web","F0FFFF","240","255","255"
"baby blue","89CFF0","137","207","240"
"baby blue eyes","A1CAF1","161","202","241"
"baby pink","F4C2C2","244","194","194"
"baby powder","FEFEFA","254","254","250"
"baker-miller pink","FF91AF","255","145","175"
"ball blue","21ABCD","33","171","205"
"banana mania","FAE7B5","250","231","181"
"banana yellow","FFE135","255","225","53"
"barbie pink","E94196","233","65","150"
"barbie pink (pantone)","E0218A","224","33","138"
"barn red","7C0A02","124","10","2"
"battleship grey","848482","132","132","130"
"bazaar","98777B","152","119","123"
"beau blue","BCD4E6","188","212","230"
"beaver","9F8170","159","129","112"
"beige","F5F5DC","245","245","220"
"big foot feet","D99A6C","217","154","108"
"bisque","FFE4C4","255","228","196"
"bistre","3D2B1F","61","43","31"
"bistre brown","967117","150","113","23"
"bitter lemon","CAE00D","202","224","13"
"bitter lime","BFFF00","191","255","0"
"bittersweet","FE6F5E","254","111","94"
"bittersweet shimmer","BF4F51","191","79","81"
"black","000000","0","0","0"
"black bean","3D0C02","61","12","2"
"black chocolate","1B1811","27","24","17"
"black coffee","3B2F2F","59","47","47"
"black coral","54626F","84","98","111"
"black olive","3B3C36","59","60","54"
"black shadows","BFAFB2","191","175","178"
"blanched almond","FFEBCD","255","235","205"
"blast-off bronze","A57164","165","113","100"
"bleu de france","318CE7","49","140","231"
"blizzard blue","ACE5EE","172","229","238"
"blond","FAF0BE","250","240","190"
"blood red","660000","102","0","0"
"blue","0000FF","0","0","255"
"blue (crayola)","1F75FE","31","117","254"
"blue (munsell)","0093AF","0","147","175"
"blue (ncs)","0087BD","0","135","189"
"blue (pantone)","0018A8","0","24","168"
"blue (pigment)","333399","51","51","153"
"blue (ryb)","0247FE","2","71","254"
"blue bell","A2A2D0","162","162","208"
"blue gray","6699CC","102","153","204"
"blue jeans","5DADEC","93","173","236"
"blue sapphire","126180","18","97","128"
"blue yonder","5072A7","80","114","167"
"blue green","0D98BA","13","152","186"
"blue purple","8A2BE2","138","43","226"
"blue violet","8A2BE2","138","43","226"
"blue-gray","6699CC","102","153","204"
"blue-green","0D98BA","13","152","186"
"blue-green (color wheel)","064E40","6","78","64"
"blue-violet","8A2BE2","138","43","226"
"blue-violet (crayola)","7366BD","115","102","189"
"blue-violet (color wheel)","4D1A7F","77","26","127"
"bluetiful","3C69E7","60","105","231"
"blush","DE5D83","222","93","131"
"blush,blush","DE5D83","222","93","131"
"bole","79443B","121","68","59"
"bondi blue","0095B6","0","149","182"
"bone","E3DAC9","227","218","201"
"boston university red","CC0000","204","0","0"
"bottle green","006A4E","0","106","78"
"boysenberry","873260","135","50","96"
"brandeis blue","0070FF","0","112","255"
"brandy","87413F","135","65","63"
"brass","B5A642","181","166","66"
"brick red","CB4154","203","65","84"
"bright green","66FF00","102","255","0"
"bright lilac","D891EF","216","145","239"
"bright maroon","C32148","195","33","72"
"bright navy blue","1974D2","25","116","210"
"bright yellow (crayola)","FFAA1D","255","170","29"
"bright cerulean","1DACD6","29","172","214"
"bright lavender","BF94E4","191","148","228"
"bright pink","FF007F","255","0","127"
"bright turquoise","08E8DE","8","232","222"
"bright ube","D19FE8","209","159","232"
"brilliant rose","FF55A3","255","85","163"
"brilliant lavender","F4BBFF","244","187","255"
"brink pink","FB607F","251","96","127"
"british racing green","004225","0","66","37"
"bronze","CD7F32","205","127","50"
"brown 1","88540B","136","84","11"
"brown 2","A52A2A","165","42","42"
"brown sugar","AF6E4D","175","110","77"
"brunswick green","1B4D3E","27","77","62"
"bubble gum","FFC1CC","255","193","204"
"bubbles","E7FEFF","231","254","255"
"bud green","7BB661","123","182","97"
"buff","F0DC82","240","220","130"
"buff (colour),buff","F0DC82","240","220","130"
"bulgarian rose","480607","72","6","7"
"burgundy","800020","128","0","32"
"burlywood","DEB887","222","184","135"
"burnished brown","A17A74","161","122","116"
"burnt orange","CC5500","204","85","0"
"burnt sienna","E97451","233","116","81"
"burnt umber","8A3324","138","51","36"
"byzantine","BD33A4","189","51","164"
"byzantium","702963","112","41","99"
"cg blue","007AA5","0","122","165"
"cg red","E03C31","224","60","49"
"cadet","536872","83","104","114"
"cadet blue","5F9EA0","95","158","160"
"cadet blue (crayola)","A9B2C3","169","178","195"
"cadet grey","91A3B0","145","163","176"
"cadmium green","006B3C","0","107","60"
"cadmium orange","ED872D","237","135","45"
"cadmium red","E30022","227","0","34"
"cadmium yellow","FFF600","255","246","0"
"café au lait","A67B5B","166","123","91"
"café noir","4B3621","75","54","33"
"cal poly pomona green","1E4D2B","30","77","43"
"cambridge blue","A3C1AD","163","193","173"
"camel","C19A6B","193","154","107"
"cameo pink","EFBBCC","239","187","204"
"camouflage green","78866B","120","134","107"
"canary","FFFF99","255","255","153"
"canary yellow","FFEF00","255","239","0"
"candy apple red","FF0800","255","8","0"
"candy pink","E4717A","228","113","122"
"capri","00BFFF","0","191","255"
"caput mortuum","592720","89","39","32"
"cardinal","C41E3A","196","30","58"
"caribbean green","00CC99","0","204","153"
"carmine 1","960018","150","0","24"
"carmine 2","FF0040","255","0","64"
"carmine (m&p)","D70040","215","0","64"
"carmine pink","EB4C42","235","76","66"
"carmine red","FF0038","255","0","56"
"carnation pink","FFA6C9","255","166","201"
"carnelian","B31B1B","179","27","27"
"carolina blue 1","56A0D3","86","160","211"
"carolina blue 2","99BADD","153","186","221"
"carrot orange","ED9121","237","145","33"
"castleton green","00563F","0","86","63"
"catawba","703642","112","54","66"
"cedar chest","C95A49","201","90","73"
"celadon","ACE1AF","172","225","175"
"celadon blue","007BA7","0","123","167"
"celadon green","2F847C","47","132","124"
"celeste","B2FFFF","178","255","255"
"celestial blue","4997D0","73","151","208"
"celtic blue","246BCE","36","107","206"
"cerise","DE3163","222","49","99"
"cerise pink","EC3B83","236","59","131"
"cerulean","007BA7","0","123","167"
"cerulean (crayola)","1DACD6","29","172","214"
"cerulean blue","2A52BE","42","82","190"
"cerulean frost","6D9BC3","109","155","195"
"chamoisee","A0785A","160","120","90"
"champagne 1","F7E7CE","247","231","206"
"champagne 2","FAD6A5","250","214","165"
"champagne pink","F1DDCF","241","221","207"
"charcoal","36454F","54","69","79"
"charleston green","232B2B","35","43","43"
"charm pink","E68FAC","230","143","172"
"chartreuse","7FFF00","127","255","0"
"chartreuse (traditional)","DFFF00","223","255","0"
"chartreuse (web)","7FFF00","127","255","0"
"cherry","DE3163","222","49","99"
"cherry blossom pink","FFB7C5","255","183","197"
"chestnut 1","CD5C5C","205","92","92"
"chestnut 2","954535","149","69","53"
"china pink","DE6FA1","222","111","161"
"china rose","A8516E","168","81","110"
"chinese red","AA381E","170","56","30"
"chinese violet","856088","133","96","136"
"chinese yellow","FFB200","255","178","0"
"chocolate","D2691E","210","105","30"
"chocolate (traditional)","7B3F00","123","63","0"
"chocolate (web)","D2691E","210","105","30"
"chrome yellow","FFA700","255","167","0"
"cinereous","98817B","152","129","123"
"cinnabar","E34234","227","66","52"
"cinnamon","D2691E","210","105","30"
"cinnamon satin","CD607E","205","96","126"
"citrine","E4D00A","228","208","10"
"citron","9FA91F","158","169","31"
"claret","7F1734","127","23","52"
"classic rose","FBCCE7","251","204","231"
"cobalt","0047AB","0","71","171"
"cobalt blue","0047AB","0","71","171"
"cocoa brown","D2691E","210","105","30"
"coffee","6F4E37","111","78","55"
"columbia blue 1","B9D9EB","185","217","235"
"columbia blue 2","9BDDFF","155","221","255"
"congo pink","F88379","248","131","121"
"cool black","002E63","0","46","99"
"cool grey","8C92AC","140","146","172"
"copper","B87333","184","115","51"
"copper (crayola)","DA8A67","218","138","103"
"copper penny","AD6F69","173","111","105"
"copper red","CB6D51","203","109","81"
"copper rose","996666","153","102","102"
"coquelicot","FF3800","255","56","0"
"coral","FF7F50","255","127","80"
"coral pink","F88379","248","131","121"
"coral red","FF4040","255","64","64"
"cordovan","893F45","137","63","69"
"corn","FBEC5D","251","236","93"
"cornell red","B31B1B","179","27","27"
"cornflower","9ACEEB","154","206","235"
"cornflower blue","6495ED","100","149","237"
"cornsilk","FFF8DC","255","248","220"
"cosmic cobalt","2E2D88","46","45","136"
"cosmic latte","FFF8E7","255","248","231"
"cosmos pink","FEBCFF","254","188","255"
"cotton candy","FFBCD9","255","188","217"
"coyote brown","81613C","129","97","60"
"cream","FFFDD0","255","253","208"
"crimson","DC143C","220","20","60"
"crimson (ua)","9E1B32","158","27","50"
"crimson red","990000","153","0","0"
"crimson glory","BE0032","190","0","50"
"cultured","F5F5F5","245","245","245"
"cyan","00FFFF","0","255","255"
"cyan (process)","00B7EB","0","183","235"
"cyber grape","58427C","88","66","124"
"cyber yellow","FFD300","255","211","0"
"cyclamen","F56FA1","245","111","161"
"daffodil","FFFF31","255","255","49"
"dandelion","F0E130","240","225","48"
"dark blue-gray","666699","102","102","153"
"dark blue","00008B","0","0","139"
"dark brown","654321","101","67","33"
"dark byzantium","5D3954","93","57","84"
"dark candy apple red","A40000","164","0","0"
"dark cerulean","08457E","8","69","126"
"dark chestnut","986960","152","105","96"
"dark coral","CD5B45","205","91","69"
"dark cornflower blue","26428B","38","66","139"
"dark cyan","008B8B","0","139","139"
"dark electric blue","536878","83","104","120"
"dark goldenrod","B8860B","184","134","11"
"dark gray","A9A9A9","169","169","169"
"dark green","013220","1","50","32"
"dark green (x11)","006400","0","100","0"
"dark jungle green","1A2421","26","36","33"
"dark khaki","BDB76B","189","183","107"
"dark lava","483C32","72","60","50"
"dark lavender","734F96","115","79","150"
"dark liver","534B4F","83","75","79"
"dark liver (horses)","543D37","84","61","55"
"dark magenta","8B008B","139","0","139"
"dark midnight blue","003366","0","51","102"
"dark moss green","4A5D23","74","93","35"
"dark olive green","556B2F","85","107","47"
"dark orange","FF8C00","255","140","0"
"dark orchid","9932CC","153","50","204"
"dark pastel blue","779ECB","119","158","203"
"dark pastel green","03C03C","3","192","60"
"dark pastel purple","966FD6","150","111","214"
"dark pastel red","C23B22","194","59","34"
"dark pink","E75480","231","84","128"
"dark powder blue","003399","0","51","153"
"dark purple","301934","48","25","52"
"dark raspberry","872657","135","38","87"
"dark red","8B0000","139","0","0"
"dark salmon","E9967A","233","150","122"
"dark scarlet","560319","86","3","25"
"dark sea green","8FBC8F","143","188","143"
"dark sienna","3C1414","60","20","20"
"dark sky blue","8CBED6","140","190","214"
"dark slate blue","483D8B","72","61","139"
"dark slate gray","2F4F4F","47","79","79"
"dark spring green","177245","23","114","69"
"dark tan","918151","145","129","81"
"dark tangerine","FFA812","255","168","18"
"dark taupe","483C32","72","60","50"
"dark terra cotta","CC4E5C","204","78","92"
"dark turquoise","00CED1","0","206","209"
"dark violet","9400D3","148","0","211"
"dartmouth green 1","00703C","0","112","60"
"dartmouth green 2","00693E","0","105","62"
"davy grey","555555","85","85","85"
"debian red","D70A53","215","10","83"
"deep space sparkle","4A646C","74","100","108"
"deep carmine","A9203E","169","32","62"
"deep carmine pink","EF3038","239","48","56"
"deep carrot orange","E9692C","233","105","44"
"deep cerise","DA3287","218","50","135"
"deep champagne","FAD6A5","250","214","165"
"deep chestnut","B94E48","185","78","72"
"deep coffee","704241","112","66","65"
"deep fuchsia","C154C1","193","84","193"
"deep jungle green","004B49","0","75","73"
"deep lilac","9955BB","153","85","187"
"deep magenta","CC00CC","204","0","204"
"deep peach","FFCBA4","255","203","164"
"deep pink","FF1493","255","20","147"
"deep saffron","FF9933","255","153","51"
"deep sky blue","00BFFF","0","191","255"
"deep taupe","7E5E60","126","94","96"
"denim","1560BD","21","96","189"
"denim blue","2243B6","34","67","182"
"desert","C19A6B","193","154","107"
"desert sand","EDC9AF","237","201","175"
"dim gray","696969","105","105","105"
"dingy dungeon","C53151","197","49","81"
"dodger blue","1E90FF","30","144","255"
"dogwood rose","D71868","215","24","104"
"dollar bill","85BB65","133","187","101"
"drab","967117","150","113","23"
"duke blue","00009C","0","0","156"
"dutch white","EFDFBB","239","223","187"
"earth yellow","E1A95F","225","169","95"
"ebony","555D50","85","93","80"
"ecru","C2B280","194","178","128"
"eerie black","1B1B1B","27","27","27"
"eggplant","614051","97","64","81"
"eggshell","F0EAD6","240","234","214"
"egyptian blue","1034A6","16","52","166"
"electric blue","7DF9FF","125","249","255"
"electric crimson","FF003F","255","0","63"
"electric cyan","00FFFF","0","255","255"
"electric green","00FF00","0","255","0"
"electric indigo","6F00FF","111","0","255"
"electric lavender","F4BBFF","244","187","255"
"electric lime","CCFF00","204","255","0"
"electric purple","BF00FF","191","0","255"
"electric ultramarine","3F00FF","63","0","255"
"electric violet","8F00FF","143","0","255"
"electric yellow","FFFF00","255","255","0"
"emerald","50C878","80","200","120"
"eminence","6C3082","108","48","130"
"english green","1B4D3E","27","77","62"
"english lavender","B48395","180","131","149"
"english red","AB4B52","171","75","82"
"english vermillion","CC474B","204","71","75"
"english violet","563C5C","86","60","92"
"erin","00FF40","0","255","64"
"eton blue","96C8A2","150","200","162"
"fallow","C19A6B","193","154","107"
"falu red","801818","128","24","24"
"famous","FF00FF","255","0","255"
"fandango","B53389","181","51","137"
"fandango pink","DE5285","222","82","133"
"fashion fuchsia","F400A1","244","0","161"
"fawn","E5AA70","229","170","112"
"feldgrau","4D5D53","77","93","83"
"fern","71BC78","113","188","120"
"fern green","4F7942","79","121","66"
"ferrari red","FF2800","255","40","0"
"field drab","6C541E","108","84","30"
"fiery rose","FF5470","255","84","112"
"fire engine red","CE2029","206","32","41"
"fire opal","E95C4B","233","92","75"
"firebrick","B22222","178","34","34"
"flame","E25822","226","88","34"
"flamingo pink","FC8EAC","252","142","172"
"flavescent","F7E98E","247","233","142"
"flax","EEDC82","238","220","130"
"flesh","FFE9D1","255","233","209"
"flickr blue","0063DC","33","107","214"
"flickr pink","FB0081","251","0","129"
"flirt","A2006D","162","0","109"
"floral white","FFFAF0","255","250","240"
"fluorescent blue","15F4EE","21","244","238"
"fluorescent orange","FFBF00","255","191","0"
"fluorescent pink","FF1493","255","20","147"
"fluorescent yellow","CCFF00","204","255","0"
"folly","FF004F","255","0","79"
"forest green","228B22","34","139","34"
"forest green (crayola)","5FA777","95","167","119"
"forest green (traditional)","014421","1","68","33"
"forest green (web)","228B22","34","139","34"
"french beige","A67B5B","166","123","91"
"french bistre","856D4D","133","109","77"
"french blue","0072BB","0","114","187"
"french fuchsia","FD3F92","253","63","146"
"french lilac","86608E","134","96","142"
"french lime","9EFD38","158","253","56"
"french mauve","D473D4","212","115","212"
"french pink","FD6C9E","253","108","158"
"french raspberry","C72C48","199","44","72"
"french rose","F64A8A","246","74","138"
"french sky blue","77B5FE","119","181","254"
"french violet","8806CE","136","6","206"
"frostbite","E936A7","233","54","167"
"fuchsia","FF00FF","255","0","255"
"fuchsia (crayola)","C154C1","193","84","193"
"fuchsia pink","FF77FF","255","119","255"
"fuchsia purple","CC397B","204","57","123"
"fuchsia rose","C74375","199","67","117"
"fulvous","E48400","228","132","0"
"fuzzy wuzzy","CC6666","204","102","102"
"go green","00AB66","0","171","102"
"gainsboro","DCDCDC","220","220","220"
"gamboge","E49B0F","228","155","15"
"generic viridian","007F66","0","127","102"
"ghost white","F8F8FF","248","248","255"
"ginger","B06500","176","101","0"
"glaucous","6082B6","96","130","182"
"glitter","E6E8FA","230","232","250"
"glossy grape","AB92B3","171","146","179"
"gold","A57C00","165","124","0"
"gold","FFD700","255","215","0"
"gold (crayola)","E6BE8A","230","190","138"
"gold (metallic)","D4AF37","212","175","55"
"gold (web) (golden)","FFD700","255","215","0"
"gold fusion","85754E","133","117","78"
"golden brown","996515","153","101","21"
"golden poppy","FCC200","252","194","0"
"golden yellow","FFDF00","255","223","0"
"goldenrod","DAA520","218","165","32"
"granite gray","676767","103","103","103"
"granny smith apple","A8E4A0","168","228","160"
"gray","808080","128","128","128"
"gray (html-css gray)","808080","128","128","128"
"gray (x11 gray)","BEBEBE","190","190","190"
"gray asparagus","465945","70","89","69"
"green","00FF00","0","255","0"
"green (crayola)","1CAC78","28","172","120"
"green (html-css color)","008000","0","128","0"
"green (munsell)","00A877","0","168","119"
"green (ncs)","009F6B","0","159","107"
"green (pantone)","00AD43","0","173","67"
"green (ryb)","66B032","102","176","50"
"green (x11, color wheel)","00FF00","0","255","0"
"green (pigment)","00A550","0","165","80"
"green blue","1164B4","17","100","180"
"green lizard","A7F432","167","244","50"
"green sheen","6EAEA1","110","174","161"
"green yellow","ADFF2F","173","255","47"
"green-blue","1164B4","17","100","180"
"green-blue (crayola)","2887C8","40","135","200"
"green-cyan","009966","0","153","102"
"green-yellow","ADFF2F","173","255","47"
"green-yellow (crayola)","F0E891","240","232","145"
"grullo","A99A86","169","154","134"
"gunmetal","2A3439","42","52","57"
"guppie green","00FF7F","0","255","127"
"halayà úbe","663854","102","56","84"
"han blue","446CCF","68","108","207"
"han purple","5218FA","82","24","250"
"hansa yellow","E9D66B","233","214","107"
"harlequin","3FFF00","63","255","0"
"harvard crimson","C90016","201","0","22"
"harvest gold","DA9100","218","145","0"
"heart gold","808000","128","128","0"
"heat wave","FF7A00","255","122","0"
"heliotrope","DF73FF","223","115","255"
"heliotrope gray","AA98A9","170","152","168"
"hollywood cerise","F400A1","244","0","161"
"honeydew","F0FFF0","240","255","240"
"honolulu blue","006DB0","0","109","176"
"hooker green","49796B","73","121","107"
"hot magenta","FF1DCE","255","29","206"
"hot pink","FF69B4","255","105","180"
"hunter green","355E3B","53","94","59"
"iceberg","71A6D2","113","166","210"
"icterine","FCF75E","252","247","94"
"illuminating emerald","319177","49","145","119"
"imperial red","ED2939","237","41","57"
"inchworm","B2EC5D","178","236","93"
"independence","4C516D","76","81","109"
"india green","138808","19","136","8"
"indian red","CD5C5C","205","92","92"
"indian yellow","E3A857","227","168","87"
"indigo","4B0082","75","0","130"
"indigo blue","00416A","0","65","106"
"indigo dye","091F92","9","31","146"
"international klein blue","002FA7","0","47","167"
"international orange","FF4F00","255","79","0"
"international orange (golden gate bridge)","C0362C","192","54","44"
"international orange (aerospace)","FF4F00","255","79","0"
"international orange (engineering)","BA160C","186","22","12"
"iris","5A4FCF","90","79","207"
"irresistible","B3446C","179","68","108"
"isabelline","F4F0EC","244","240","236"
"islamic green","009000","0","144","0"
"italian sky blue","B2FFFF","178","255","255"
"ivory","FFFFF0","255","255","240"
"jade","00A86B","0","168","107"
"jasmine","F8DE7E","248","222","126"
"jasper","D73B3E","215","59","62"
"jazzberry jam","A50B5E","165","11","94"
"jet","343434","52","52","52"
"jonquil 1","F4CA16","244","202","22"
"jonquil 2","FADA5E","250","218","94"
"june bud","BDDA57","189","218","87"
"jungle green","29AB87","41","171","135"
"ksu purple","512888","79","38","131"
"ku crimson","E8000D","232","0","13"
"kelly green","4CBB17","76","187","23"
"keppel","3AB09E","58","176","158"
"key lime","E8F48C","232","244","140"
"khaki","C3B091","195","176","145"
"khaki (html-css) (khaki)","C3B091","195","176","145"
"khaki (x11) (light khaki)","F0E68C","240","230","140"
"kobe","882D17","136","45","23"
"kobi","E79FC4","231","159","196"
"kobicha","6B4423","107","68","35"
"kombu green","354230","53","66","48"
"la salle green","087830","8","120","48"
"languid lavender","D6CADD","214","202","221"
"lapis lazuli","26619C","38","97","156"
"laser lemon 1","FEFE22","254","254","34"
"laser lemon 2","FFFF66","255","255","102"
"laurel green","A9BA9D","169","186","157"
"lava","CF1020","207","16","32"
"lavender","E6E6FA","230","230","250"
"lavender (floral)","B57EDC","181","126","220"
"lavender (web)","E6E6FA","230","230","250"
"lavender blue","CCCCFF","204","204","255"
"lavender blush","FFF0F5","255","240","245"
"lavender gray","C4C3D0","196","195","208"
"lavender indigo","9457EB","148","87","235"
"lavender magenta","EE82EE","238","130","238"
"lavender mist","E6E6FA","230","230","250"
"lavender pink","FBAED2","251","174","210"
"lavender purple","967BB6","150","123","182"
"lavender rose","FBA0E3","251","160","227"
"lawn green","7CFC00","124","252","0"
"lemon","FFF700","255","247","0"
"lemon yellow","FFF44F","255","244","79"
"lemon chiffon","FFFACD","255","250","205"
"lemon curry","CCA01D","204","160","29"
"lemon glacier","FDFF00","253","255","0"
"lemon lime","BFFF00","191","255","0"
"lemon meringue","F6EABE","246","234","190"
"lemon yellow (crayola)","FFFF9F","255","255","159"
"liberty","545AA7","84","90","167"
"light crimson","F56991","245","105","145"
"light french beige","C8AD7F","200","173","127"
"light thulian pink","E68FAC","230","143","172"
"light apricot","FDD5B1","253","213","177"
"light blue","ADD8E6","173","216","230"
"light brown","B5651D","181","101","29"
"light carmine pink","E66771","230","103","113"
"light coral","F08080","240","128","128"
"light cornflower blue","93CCEA","147","204","234"
"light cyan","E0FFFF","224","255","255"
"light fuchsia pink","F984EF","249","132","239"
"light goldenrod yellow","FAFAD2","250","250","210"
"light gray","D3D3D3","211","211","211"
"light green","90EE90","144","238","144"
"light khaki","F0E68C","240","230","140"
"light orange","FED8B1","254","216","177"
"light pastel purple","B19CD9","177","156","217"
"light periwinkle","C5CBE1","197","203","225"
"light pink","FFB6C1","255","182","193"
"light salmon","FFA07A","255","160","122"
"light salmon pink","FF9999","255","153","153"
"light sea green","20B2AA","32","178","170"
"light sky blue","87CEFA","135","206","250"
"light slate gray","778899","119","136","153"
"light steel blue","B0C4DE","176","196","222"
"light taupe","B38B6D","179","139","109"
"light yellow","FFFFE0","255","255","224"
"light yellow","FFFFED","255","255","237"
"lilac","C8A2C8","200","162","200"
"lilac luster","AE98AA","174","152","170"
"lime","BFFF00","191","255","0"
"lime (color wheel)","BFFF00","191","255","0"
"lime (web) (x11 green)","00FF00","0","255","0"
"lime green","32CD32","50","205","50"
"lincoln green","195905","25","89","5"
"linen","FAF0E6","250","240","230"
"lion","C19A6B","193","154","107"
"liseran purple","DE6FA1","222","111","161"
"little boy blue","6CA0DC","108","160","220"
"liver 1","674C47","103","76","71"
"liver 2","534B4F","83","75","79"
"liver (dogs)","B86D29","184","109","41"
"liver (organ)","6C2E1F","108","46","31"
"liver chestnut","987456","152","116","86"
"livid","6699CC","102","153","204"
"lust","E62020","230","32","32"
"msu green","18453B","24","69","59"
"macaroni and cheese","FFBD88","255","189","136"
"madder lake","CC3336","204","51","54"
"magenta","FF00FF","255","0","255"
"magenta (crayola)","FF55A3","255","85","163"
"magenta (pantone)","D0417E","208","65","126"
"magenta (dye)","CA1F7B","202","31","123"
"magenta (process)","FF0090","255","0","144"
"magenta haze","9F4576","159","69","118"
"magic mint","AAF0D1","170","240","209"
"magnolia","F8F4FF","248","244","255"
"mahogany","C04000","192","64","0"
"maize","FBEC5D","251","236","93"
"maize (crayola)","F2C649","242","198","73"
"majorelle blue","6050DC","96","80","220"
"malachite","0BDA51","11","218","81"
"manatee","979AAA","151","154","170"
"mandarin","F37A48","243","122","72"
"mango","FDBE02","253","190","2"
"mango tango","FF8243","255","130","67"
"mantis","74C365","116","195","101"
"mardi gras","880085","136","0","133"
"marigold","EAA221","234","162","33"
"maroon","800000","128","0","0"
"maroon (crayola)","C32148","195","33","72"
"maroon (html-css)","800000","128","0","0"
"maroon (x11)","B03060","176","48","96"
"mauve","E0B0FF","224","176","255"
"mauve taupe","915F6D","145","95","109"
"mauvelous","EF98AA","239","152","170"
"maximum blue","47ABCC","71","171","204"
"maximum blue green","30BFBF","48","191","191"
"maximum blue purple","ACACE6","172","172","230"
"maximum green","5E8C31","94","140","49"
"maximum green yellow","D9E650","217","230","80"
"maximum purple","733380","115","51","128"
"maximum red","D92121","217","33","33"
"maximum red purple","A63A79","166","58","121"
"maximum yellow","FAFA37","250","250","55"
"maximum yellow red","F2BA49","242","186","73"
"may green","4C9141","76","145","65"
"maya blue","73C2FB","115","194","251"
"meat brown","E5B73B","229","183","59"
"medium persian blue","0067A5","0","103","165"
"medium vermilion","D9381E","217","56","30"
"medium aquamarine","66DDAA","102","221","170"
"medium blue","0000CD","0","0","205"
"medium candy apple red","E2062C","226","6","44"
"medium carmine","AF4035","175","64","53"
"medium champagne","F3E5AB","243","229","171"
"medium electric blue","035096","3","80","150"
"medium jungle green","1C352D","28","53","45"
"medium lavender magenta","DDA0DD","221","160","221"
"medium orchid","BA55D3","186","85","211"
"medium purple","9370DB","147","112","219"
"medium red violet","BB3385","187","51","133"
"medium sea green","3CB371","60","179","113"
"medium slate blue","7B68EE","123","104","238"
"medium spring bud","C9DC87","201","220","135"
"medium spring green","00FA9A","0","250","154"
"medium taupe","674C47","103","76","71"
"medium teal blue","0054B4","0","84","180"
"medium turquoise","48D1CC","72","209","204"
"medium violet red","C71585","199","21","133"
"medium violet-red","C71585","199","21","133"
"melancholy","FDBCB4","253","188","180"
"mellow apricot","F8B878","248","184","120"
"mellow yellow","F8DE7E","248","222","126"
"melon 1","FDBCB4","253","188","180"
"melon 2","FEBAAD","254","186","173"
"metallic seaweed","0A7E8C","10","126","140"
"metallic sunburst","9C7C38","156","124","56"
"metallic gold","D3AF37","211","175","55"
"mexican pink","E4007C","228","0","124"
"middle blue","7ED4E6","126","212","230"
"middle blue green","8DD9CC","141","217","204"
"middle blue purple","8B72BE","139","114","190"
"middle green","4D8C57","77","140","87"
"middle green yellow","ACBF60","172","191","96"
"middle grey","8B8680","139","134","128"
"middle purple","D982B5","217","130","181"
"middle red","E58E73","229","144","115"
"middle red purple","A55353","165","83","83"
"middle yellow","FFEB00","255","235","0"
"middle yellow red","ECB176","236","177","118"
"midnight","702670","112","38","112"
"midnight blue","191970","25","25","112"
"midnight green","004953","0","73","83"
"midnight green (eagle green)","004953","0","73","83"
"mikado yellow","FFC40C","255","196","12"
"mimi pink","FFDAE9","255","218","233"
"mindaro","E3F988","227","249","136"
"ming","36747D","54","116","125"
"minion yellow","F5E050","245","220","80"
"mint","3EB489","62","180","137"
"mint cream","F5FFFA","245","255","250"
"mint green","98FF98","152","255","152"
"misty moss","BBB477","187","180","119"
"misty rose","FFE4E1","255","228","225"
"moccasin","FAEBD7","250","235","215"
"mode beige","967117","150","113","23"
"moonstone blue","73A9C2","115","169","194"
"mordant red 19","AE0C00","174","12","0"
"morning blue","8DA399","141","163","153"
"moss green 1","8A9A5B","138","154","91"
"moss green 2","ADDFAD","173","223","173"
"mountain meadow","30BA8F","48","186","143"
"mountbatten pink","997A8D","153","122","141"
"mulberry","C54B8C","197","75","140"
"mulberry (crayola)","C8509B","200","80","155"
"munsell","F2F3F4","242","243","244"
"mustard","FFDB58","255","219","88"
"myrtle","21421E","33","66","30"
"myrtle green","317873","49","120","115"
"mystic","D65282","214","82","130"
"mystic maroon","AD4379","173","67","121"
"nadeshiko pink","F6ADC6","246","173","198"
"napier green","2A8000","42","128","0"
"naples yellow","FADA5E","250","218","94"
"navajo white","FFDEAD","255","222","173"
"navy blue","000080","0","0","128"
"navy blue (crayola)","1974D2","25","116","210"
"neon carrot","FFA343","255","163","67"
"neon blue","4666FF","70","102","255"
"neon fuchsia","FE59C2","254","89","194"
"neon green","39FF14","57","255","20"
"new york pink","D7837F","215","131","127"
"nickel","727472","114","116","114"
"non-photo blue","A4DDED","164","221","237"
"north texas green","059033","5","144","51"
"nyanza","E9FFDB","233","255","219"
"ou crimson red","841617","132","22","23"
"ocean blue","4F42B5","79","66","181"
"ocean boat blue","0077BE","0","119","190"
"ocean green","48BF91","72","191","145"
"ochre","CC7722","204","119","34"
"office green","008000","0","128","0"
"old burgundy","43302E","67","48","46"
"old gold","CFB53B","207","181","59"
"old lace","FDF5E6","253","245","230"
"old lavender","796878","121","104","120"
"old mauve","673147","103","49","71"
"old rose","C08081","192","128","129"
"old silver","848482","132","132","130"
"olive","808000","128","128","0"
"olive drab","6B8E23","107","142","35"
"olive drab #3","6B8E23","107","142","35"
"olive drab #7","3C341F","60","52","31"
"olive green","BAB86C","186","184","108"
"olive green","B5B35C","181","179","92"
"olivine","9AB973","154","185","115"
"onyx 1","0F0F0F","15","15","15"
"onyx 2","353839","53","56","57"
"opal","A8C3BC","168","195","188"
"opera mauve","B784A7","183","132","167"
"orange","FFA500","255","165","0"
"orange (crayola)","FF7538","255","117","56"
"orange (pantone)","FF5800","255","88","0"
"orange (ryb)","FB9902","251","153","2"
"orange (color wheel)","FF7F00","255","127","0"
"orange (web)","FFA500","255","165","0"
"orange yellow","F8D568","248","213","104"
"orange peel","FF9F00","255","159","0"
"orange red","FF4500","255","69","0"
"orange soda","FA5B3D","250","91","61"
"orange-red","FF681F","255","104","31"
"orange-red (crayola)","FF5349","255","83","73"
"orange-yellow","F5BD1F","245","189","31"
"orange-yellow (crayola)","F8D568","248","213","104"
"orchid","DA70D6","218","112","214"
"orchid (crayola)","E29CD2","226","156","210"
"orchid pink","F2BDCD","242","189","205"
"otter brown","654321","101","67","33"
"outer space","414A4C","65","74","76"
"outer space (crayola)","2D383A","45","56","58"
"outrageous orange","FF6E4A","255","110","74"
"oxblood","800020","128","0","32"
"oxford blue","002147","0","33","71"
"pacific blue","1CA9C9","28","169","201"
"pakistan green","006600","0","102","0"
"palatinate blue","273BE2","39","59","226"
"palatinate purple","682860","104","40","96"
"pale aqua","BCD4E6","188","212","230"
"pale blue","AFEEEE","175","238","238"
"pale brown","987654","152","118","84"
"pale carmine","AF4035","175","64","53"
"pale cerulean","9BC4E2","155","196","226"
"pale chestnut","DDADAF","221","173","175"
"pale copper","DA8A67","218","138","103"
"pale cornflower blue","ABCDEF","171","205","239"
"pale gold","E6BE8A","230","190","138"
"pale goldenrod","EEE8AA","238","232","170"
"pale green","98FB98","152","251","152"
"pale lavender","DCD0FF","220","208","255"
"pale magenta","F984E5","249","132","229"
"pale pink","FADADD","250","218","221"
"pale plum","DDA0DD","221","160","221"
"pale purple (pantone)","FAE6FA","250","230","250"
"pale red violet","DB7093","219","112","147"
"pale robin egg blue","96DED1","150","222","209"
"pale silver","C9C0BB","201","192","187"
"pale spring bud","ECEBBD","236","235","189"
"pale taupe","BC987E","188","152","126"
"pale violet red","DB7093","219","112","147"
"pansy purple","78184A","120","24","74"
"paolo veronese green","009B7D","0","155","125"
"papaya whip","FFEFD5","255","239","213"
"paradise pink","E63E62","230","62","98"
"paris green","50C878","80","200","120"
"pastel blue","AEC6CF","174","198","207"
"pastel brown","836953","131","105","83"
"pastel gray","CFCFC4","207","207","196"
"pastel green","77DD77","119","221","119"
"pastel magenta","F49AC2","244","154","194"
"pastel orange","FFB347","255","179","71"
"pastel pink","FFD1DC","255","209","220"
"pastel pink","DEA5A4","222","165","164"
"pastel purple","B39EB5","179","158","181"
"pastel red","FF6961","255","105","97"
"pastel violet","CB99C9","203","153","201"
"pastel yellow","FDFD96","253","253","150"
"patriarch","800080","128","0","128"
"payne grey","536878","83","104","120"
"peach","FFE5B4","255","229","180"
"peach puff","FFDAB9","255","218","185"
"peach yellow","FADFAD","250","223","173"
"pear","D1E231","209","226","49"
"pearl","EAE0C8","234","224","200"
"pearl aqua","88D8C0","136","216","192"
"pearly purple","B768A2","183","104","162"
"peridot","E6E200","230","226","0"
"periwinkle","CCCCFF","204","204","255"
"periwinkle (crayola)","C3CDE6","195","205","230"
"permanent geranium lake","E12C2C","225","44","44"
"persian blue","1C39BB","28","57","187"
"persian green","00A693","0","166","147"
"persian indigo","32127A","50","18","122"
"persian orange","D99058","217","144","88"
"persian pink","F77FBE","247","127","190"
"persian plum","701C1C","112","28","28"
"persian red","CC3333","204","51","51"
"persian rose","FE28A2","254","40","162"
"persimmon","EC5800","236","88","0"
"pewter blue","8BA8B7","139","168","183"
"phlox","DF00FF","223","0","255"
"phthalo blue","000F89","0","15","137"
"phthalo green","123524","18","53","36"
"picotee blue","2E2787","46","39","135"
"pictorial carmine","C30B4E","195","11","78"
"piggy pink","FDDDE6","253","221","230"
"pine green","01796F","1","121","111"
"pine tree","2A2F23","42","47","35"
"pink","FFC0CB","255","192","203"
"pink (pantone)","D74894","215","72","148"
"pink flamingo","FC74FD","252","116","253"
"pink sherbet","F78FA7","247","143","167"
"pink lace","FFDDF4","255","221","244"
"pink lavender","D8B2D1","216","178","209"
"pink pearl","E7ACCF","231","172","207"
"pistachio","93C572","147","197","114"
"platinum","E5E4E2","229","228","226"
"plum","DDA0DD","221","160","221"
"plum","8E4585","142","69","133"
"plum (web)","DDA0DD","221","160","221"
"plump purple","5946B2","89","70","178"
"polished pine","5DA493","93","164","147"
"pomp and power","86608E","134","96","142"
"popstar","BE4F62","190","79","98"
"portland orange","FF5A36","255","90","54"
"powder blue","B0E0E6","176","224","230"
"princess perfume","FF85CF","255","133","207"
"princeton orange","FF8F00","255","143","0"
"princeton orange","F58025","245","128","37"
"prune","701C1C","112","28","28"
"prussian blue","003153","0","49","83"
"psychedelic purple","DF00FF","223","0","255"
"puce","CC8899","204","136","153"
"pullman brown (ups brown)","644117","100","65","23"
"pumpkin","FF7518","255","117","24"
"purple 1","6A0DAD","96","0","128"
"purple 2","800080","128","0","128"
"purple (html)","800080","128","0","128"
"purple (munsell)","9F00C5","159","0","197"
"purple (x11)","A020F0","160","32","240"
"purple heart","69359C","105","53","156"
"purple mountains majesty","9D81BA","157","129","186"
"purple plum","9C51B6","156","81","182"
"purple mountain majesty","9678B6","150","120","182"
"purple navy","4E5180","78","81","128"
"purple pizzazz","FE4EDA","254","78","218"
"purple taupe","50404D","80","64","77"
"purpureus","9A4EAE","154","78","174"
"queen blue","436B95","67","107","149"
"queen pink","E8CCD7","232","204","215"
"quick silver","A6A6A6","166","166","166"
"quinacridone magenta","8E3A59","142","58","89"
"rackley","5D8AA8","93","138","168"
"radical red","FF355E","255","53","94"
"raisin black","242124","36","33","36"
"rajah","FBAB60","251","171","96"
"raspberry","E30B5D","227","11","93"
"raspberry glace","915F6D","145","95","109"
"raspberry pink","E25098","226","80","152"
"raspberry rose","B3446C","179","68","108"
"raw sienna","D68A59","214","138","89"
"raw umber","826644","130","102","68"
"razzle dazzle rose","FF33CC","255","51","204"
"razzmatazz","E3256B","227","37","107"
"razzmic berry","8D4E85","141","78","133"
"rebecca purple","663399","102","52","153"
"red","FF0000","255","0","0"
"red (crayola)","EE204D","238","32","77"
"red (munsell)","F2003C","242","0","60"
"red (ncs)","C40233","196","2","51"
"red (pantone)","ED2939","237","41","57"
"red (ryb)","FE2712","254","39","18"
"red (pigment)","ED1C24","237","28","36"
"red orange","FF5349","255","83","73"
"red salsa","FD3A4A","253","58","74"
"red brown","A52A2A","165","42","42"
"red violet","C71585","199","21","133"
"red-orange","FF5349","255","83","73"
"red-orange (color wheel)","FF4500","255","69","0"
"red-orange (crayola)","FF681F","255","104","31"
"red-purple","E40078","228","0","120"
"red-violet","C71585","199","21","133"
"red-violet (color wheel)","922B3E","146","43","62"
"red-violet (crayola)","C0448F","192","68","143"
"redwood","A45A52","164","90","82"
"resolution blue","002387","0","35","135"
"rhythm","777696","119","118","150"
"rich black","004040","0","64","64"
"rich black (fogra29)","010B13","1","11","19"
"rich black (fogra39)","010203","1","2","3"
"rich carmine","D70040","215","0","64"
"rich electric blue","0892D0","8","146","208"
"rich lilac","B666D2","182","102","210"
"rich maroon","B03060","176","48","96"
"rifle green 1","444C38","68","76","56"
"rifle green 2","414833","65","72","51"
"robin egg blue","00CCCC","0","204","204"
"robins egg blue","1FCECB","31","206","203"
"rocket metallic","8A7F80","138","127","128"
"roman silver","838996","131","137","150"
"rose","FF007F","255","0","127"
"rose dust","9E5E6F","158","94","111"
"rose bonbon","F9429E","249","66","158"
"rose ebony","674846","103","72","70"
"rose gold","B76E79","183","110","121"
"rose madder","E32636","227","38","54"
"rose pink","FF66CC","255","102","204"
"rose quartz","AA98A9","170","152","169"
"rose red","C21E56","194","30","86"
"rose taupe","905D5D","144","93","93"
"rose vale","AB4E52","171","78","82"
"rosewood","65000B","101","0","11"
"rosso corsa","D40000","212","0","0"
"rosy brown","BC8F8F","188","143","143"
"royal azure","0038A8","0","56","168"
"royal blue","4169E1","65","105","225"
"royal blue (dark)","002366","0","35","102"
"royal blue (light)","4169E1","65","105","225"
"royal fuchsia","CA2C92","202","44","146"
"royal purple","7851A9","120","81","169"
"royal yellow","FADA5E","250","218","94"
"ruber","CE4676","206","70","118"
"rubine red","D10056","209","0","86"
"ruby 1","E0115F","224","17","95"
"ruby 2","9C2542","156","37","66"
"ruby red","9B111E","155","17","30"
"ruddy","FF0028","255","0","40"
"ruddy brown","BB6528","187","101","40"
"ruddy pink","E18E96","225","142","150"
"rufous","A81C07","168","28","7"
"russet","80461B","128","70","27"
"russian green","679267","103","146","103"
"russian violet","32174D","50","23","77"
"rust","B7410E","183","65","14"
"rusty red","DA2C43","218","44","67"
"sacramento state green 1","00563F","0","86","63"
"sacramento state green 2","043927","4","57","39"
"saddle brown","8B4513","139","69","19"
"safety orange 1","FF6700","255","103","0"
"safety orange 2","FF7800","255","120","0"
"safety orange (blaze orange)","FF6700","255","103","0"
"safety yellow","EED202","238","210","2"
"saffron","F4C430","244","196","48"
"sage","BCB88A","188","184","138"
"saint patrick blue","23297A","35","41","122"
"salmon 1","FA8072","250","128","114"
"salmon 2","FF8C69","255","140","105"
"salmon pink","FF91A4","255","145","164"
"sand","C2B280","194","178","128"
"sand dune","967117","150","113","23"
"sandstorm","ECD540","236","213","64"
"sandy brown","F4A460","244","164","96"
"sandy taupe","967117","150","113","23"
"sap green","507D2A","80","125","42"
"sapphire","0F52BA","15","82","186"
"sapphire (crayola)","0067A5","45","93","161"
"sapphire blue","2E5894","46","88","148"
"sapphire blue","0067A5","0","103","165"
"satin sheen gold","CBA135","203","161","53"
"scarlet","FF2400","255","36","0"
"schauss pink","FF91AF","255","145","175"
"school bus yellow","FFD800","255","216","0"
"screamin green 1","76FF7A","118","255","122"
"screamin green 2","66FF66","102","255","102"
"sea blue","006994","0","105","148"
"sea green","2E8B57","46","139","87"
"sea green (crayola)","00FFCD","1","255","205"
"seal brown 1","59260B","50","20","20"
"seal brown 2","321414","50","20","20"
"seashell","FFF5EE","255","245","238"
"selective yellow","FFBA00","255","186","0"
"sepia","704214","112","66","20"
"shadow","8A795D","138","121","93"
"shadow blue","778BA5","119","139","165"
"shamrock","45CEA2","69","206","162"
"shamrock green","009E60","0","158","96"
"sheen green","8FD400","143","212","0"
"shimmering blush","D98695","217","134","149"
"shiny shamrock","5FA778","95","167","120"
"shocking pink","FC0FC0","252","15","192"
"shocking pink (crayola)","FF6FFF","255","111","255"
"sienna","882D17","136","45","23"
"silver","C0C0C0","192","192","192"
"silver (crayola)","C9C0BB","201","192","187"
"silver (metallic)","AAA9AD","170","169","173"
"silver chalice","ACACAC","172","172","172"
"silver pink","C4AEAD","196","174","173"
"silver sand","BFC1C2","191","193","194"
"sinopia","CB410B","203","65","11"
"sizzling red","FF3855","255","56","85"
"sizzling sunrise","FFDB00","255","219","0"
"skobeloff","007474","0","116","116"
"sky blue","87CEEB","135","206","235"
"sky blue (crayola)","76D7EA","118","215","234"
"sky magenta","CF71AF","207","113","175"
"slate blue","6A5ACD","106","90","205"
"slate gray","708090","112","128","144"
"slimy green","299617","41","150","23"
"smalt","003399","0","51","153"
"smitten","C84186","200","65","134"
"smokey topaz","933D41","147","61","65"
"smoky black","100C08","16","12","8"
"snow","FFFAFA","255","250","250"
"solid pink","893843","137","56","67"
"sonic silver","757575","117","117","117"
"space cadet","1D2951","29","41","81"
"spanish bistre","807532","128","117","50"
"spanish blue","0070B8","0","112","184"
"spanish carmine","D10047","209","0","71"
"spanish gray","989898","152","152","152"
"spanish green","009150","0","145","80"
"spanish orange","E86100","232","97","0"
"spanish pink","F7BFBE","247","191","190"
"spanish red","E60026","230","0","38"
"spanish sky blue","00FFFF","0","255","255"
"spanish violet","4C2882","76","40","130"
"spanish viridian","007F5C","0","127","92"
"spiro disco ball","0FC0FC","15","192","252"
"spring frost","87FF2A","135","255","42"
"spring bud","A7FC00","167","252","0"
"spring green","00FF7F","0","255","127"
"spring green (crayola)","ECEBBD","236","235","189"
"st. patricks blue","23297A","35","41","122"
"star command blue","007BB8","0","123","184"
"steel teal","5F8A8B","95","138","139"
"steel blue","4682B4","70","130","180"
"steel pink","CC33CC","204","51","204"
"stil de grain yellow","FADA5E","250","218","94"
"stizza","990000","153","0","0"
"stormcloud","008080","0","128","128"
"straw","E4D96F","228","217","111"
"sugar plum","914E75","145","78","117"
"sunglow","FFCC33","255","204","51"
"sunray","E3AB57","227","171","87"
"sunset","FAD6A5","250","214","165"
"sunset orange","FD5E53","253","94","83"
"super pink","CF6BA9","207","107","169"
"sweet brown","A83731","168","55","49"
"tan","D2B48C","210","180","140"
"tan (crayola)","D99A6C","217","154","108"
"tangelo","F94D00","249","77","0"
"tangerine","F28500","242","133","0"
"tangerine yellow","FFCC00","255","204","0"
"tango pink","E4717A","228","113","122"
"tart orange","FB4D46","251","77","70"
"taupe","483C32","72","60","50"
"taupe gray","8B8589","139","133","137"
"tawny","CD5700","205","87","0"
"tea green","D0F0C0","208","240","192"
"tea rose","F88379","248","131","121"
"tea rose","F4C2C2","244","194","194"
"teal","008080","0","128","128"
"teal blue","367588","54","117","136"
"teal green","006D5B","0","109","91"
"telemagenta","CF3476","207","52","118"
"tenné","CD5700","205","87","0"
"terra cotta","E2725B","226","114","91"
"thistle","D8BFD8","216","191","216"
"thulian pink","DE6FA1","222","111","161"
"tickle me pink","FC89AC","252","137","172"
"tiffany blue","0ABAB5","10","186","181"
"tiger eye","E08D3C","224","141","60"
"timberwolf","DBD7D2","219","215","210"
"titanium yellow","EEE600","238","230","0"
"tomato","FF6347","255","99","71"
"toolbox","746CC0","116","108","192"
"topaz","FFC87C","255","200","124"
"tractor red","FD0E35","253","14","53"
"trolley grey","808080","128","128","128"
"tropical rain forest","00755E","0","117","94"
"true blue 1","2D68C4","0","115","207"
"true blue 2","0073CF","0","115","207"
"tufts blue 1","417DC1","65","125","193"
"tufts blue 2","3E8EDE","62","142","222"
"tumbleweed","DEAA88","222","170","136"
"turkish rose","B57281","181","114","129"
"turquoise 1","30D5C8","48","213","200"
"turquoise 2","40E0D0","64","224","208"
"turquoise blue","00FFEF","0","255","239"
"turquoise green","A0D6B4","160","214","180"
"turtle green","8A9A5B","138","154","91"
"tuscan","FAD6A5","250","214","165"
"tuscan brown","6F4E37","111","78","55"
"tuscan red 1","7C4848","124","72","72"
"tuscan red 2","66424D","102","66","77"
"tuscan tan","A67B5B","166","123","91"
"tuscany","C09999","192","153","153"
"twilight lavender","8A496B","138","73","107"
"tyrian purple","66023C","102","2","60"
"ua blue","0033AA","0","51","170"
"ua red","D9004C","217","0","76"
"ucla blue 1","536895","83","104","149"
"ucla blue 2","2774AE","39","116","174"
"ucla gold","FFB300","255","179","0"
"ufo green","3CD070","60","208","112"
"up forest green","014421","1","68","33"
"up maroon","7B1113","123","17","19"
"usafa blue","004F98","0","79","152"
"usc cardinal","990000","153","0","0"
"usc gold","FFCC00","255","204","0"
"ube","8878C3","136","120","195"
"ultra pink","FF6FFF","255","111","255"
"ultra red","FC6C85","252","108","133"
"ultramarine 1","3F00FF","18","10","143"
"ultramarine 2","120A8F","18","10","143"
"ultramarine blue","4166F5","65","102","245"
"umber","635147","99","81","71"
"unbleached silk","FFDDCA","255","221","202"
"united nations blue","5B92E5","91","146","229"
"university of california gold","B78727","183","135","39"
"unmellow yellow","FFFF66","255","255","102"
"upsdell red","AE2029","174","32","41"
"uranian blue","AFDBF5","175","219","245"
"urobilin","E1AD21","225","173","33"
"utah crimson","D3003F","211","0","63"
"van dyke brown","664228","102","66","40"
"vanilla","F3E5AB","243","229","171"
"vanilla ice","F38FA9","243","143","169"
"vegas gold","C5B358","197","179","88"
"venetian red","C80815","200","8","21"
"verdigris","43B3AE","67","179","174"
"vermilion","E34234","227","66","52"
"veronica","A020F0","160","32","240"
"violet 1","8F00FF","143","0","255"
"violet 2","EE82EE","238","130","238"
"violet (ryb)","8601AF","134","1","175"
"violet (color wheel)","7F00FF","127","0","255"
"violet (crayola)","963D7F","150","61","127"
"violet (web)","EE82EE","238","130","238"
"violet blue","324AB2","50","74","178"
"violet red","F75394","247","83","148"
"violet-blue","324AB2","50","74","178"
"violet-blue (crayola)","766EC8","118","110","200"
"violet-red","F75394","247","83","148"
"viridian","40826D","64","130","109"
"viridian green","009698","0","150","152"
"vivid auburn","922724","146","39","36"
"vivid burgundy","9F1D35","159","29","53"
"vivid cerise","DA1D81","218","29","129"
"vivid sky blue","00CCFF","0","204","255"
"vivid tangerine","FFA089","255","160","137"
"vivid violet","9F00FF","159","0","255"
"volt","CEFF00","205","255","0"
"warm black","004242","0","66","66"
"waterspout","00FFFF","0","255","255"
"wenge","645452","100","84","82"
"wheat","F5DEB3","245","222","179"
"white","FFFFFF","255","255","255"
"white smoke","F5F5F5","245","245","245"
"wild strawberry","FF43A4","255","67","164"
"wild watermelon","FC6C85","252","108","133"
"wild blue yonder","A2ADD0","162","173","208"
"wild orchid","D470A2","212","112","162"
"windsor tan","A75502","167","85","2"
"wine","722F37","114","47","55"
"wine dregs","673147","103","49","71"
"winter sky","FF007C","255","0","124"
"wintergreen dream","56887D","86","136","125"
"wisteria","C9A0DC","201","160","220"
"wood brown","C19A6B","193","154","107"
"xanadu","738678","115","134","120"
"yinmn blue","2E5090","46","80","144"
"yale blue","0F4D92","15","77","146"
"yellow","FFFF00","255","255","0"
"yellow (crayola)","FCE883","252","232","131"
"yellow (munsell)","EFCC00","239","204","0"
"yellow (ncs)","FFD300","255","211","0"
"yellow (pantone)","FEDF00","254","223","0"
"yellow (ryb)","FEFE33","254","254","51"
"yellow (process)","FFEF00","255","239","0"
"yellow orange","FFAE42","255","174","66"
"yellow orange (color wheel)","FF9505","255","149","5"
"yellow sunshine","FFF700","255","247","0"
"yellow green","9ACD32","154","205","50"
"yellow-green","9ACD32","154","205","50"
"yellow-green (color wheel)","30B21A","48","178","26"
"yellow-green (crayola)","C5E384","197","227","132"
"zaffre","0014A8","0","20","168"
"zinnwaldite brown","2C1608","44","22","8"
"zomp,zomp","39A78E","57","167","142"
